{
  "category": "bewitchment:tools",
  "name": "Магічний Захист",
  "icon": "minecraft:enchanted_book",
  "pages": [
	{
	  "type": "patchouli:text",
	  "text": "Магічний захист - дуже корисне заклинання броні для дуельних відьом. Це не тільки зменшує магічну шкоду, що наноситься, а й скорочує тривалість негативних ефектів зілля до 50%."
	}
  ]
}
