{
  "category": "bewitchment:tools",
  "name": "Полиця для маріонеток",
  "icon": "bewitchment:oak_poppet_shelf",
  "advancement": "bewitchment:hidden_unlocks/taglock",
  "pages": [
	{
	  "type": "patchouli:text",
	  "text": "Полиці для маріонеток створюють красиві меблі. Вони можуть зберігати до дев'яти $(l:bewitchment:poppets/poppet_practice)Маріонеток$(), які будуть активні.$(br2)Це робить полиці для маріонеток зручними способом для звільнення місця в інвентарі, зберігаючи при цьому всі $(l:bewitchment:poppets/poppet_practice)Маріонетки$() активними."
	},
	{
	  "type": "patchouli:crafting",
	  "recipe": "bewitchment:oak_poppet_shelf",
	  "recipe2": "bewitchment:spruce_poppet_shelf"
	},
	{
	  "type": "patchouli:crafting",
	  "recipe": "bewitchment:birch_poppet_shelf",
	  "recipe2": "bewitchment:jungle_poppet_shelf"
	},
	{
	  "type": "patchouli:crafting",
	  "recipe": "bewitchment:acacia_poppet_shelf",
	  "recipe2": "bewitchment:dark_oak_poppet_shelf"
	},
	{
	  "type": "patchouli:crafting",
	  "recipe": "bewitchment:crimson_poppet_shelf",
	  "recipe2": "bewitchment:warped_poppet_shelf"
	},
	{
	  "type": "patchouli:crafting",
	  "recipe": "bewitchment:juniper_poppet_shelf",
	  "recipe2": "bewitchment:cypress_poppet_shelf"
	},
	{
	  "type": "patchouli:crafting",
	  "recipe": "bewitchment:elder_poppet_shelf",
	  "recipe2": "bewitchment:dragons_blood_poppet_shelf"
	}
  ]
}
