{
  "category": "bewitchment:tools",
  "name": "Відьомський казан",
  "icon": "bewitchment:witch_cauldron",
  "priority": true,
  "pages": [
	{
	  "type": "patchouli:text",
	  "text": "Зміцнивши звичайний казан за допомогою $(l:bewitchment:introduction/silver)Срібла$(), ви можете створити Відьомський казан.$(br2)Цей чарівний казан надзвичайно універсальний у використанні і, зокрема, використовується для $(l:bewitchment:brewing/elemental_oils)Створення екстрактів$(), $(l:bewitchment:brewing/brewing_basics)Пивоваріння$() і телепортація."
	},
	{
	  "type": "patchouli:crafting",
	  "recipe": "bewitchment:witch_cauldron"
	},
	{
	  "type": "patchouli:text",
	  "title": "Використання",
	  "text": "Предмети можна кидати у Відьомський казан, щойно він закипить. Щоб змусити його закипіти, помістіть під нього лаву або магму. $(br2) Зверніть увагу, що для Відьомського казана потрібно $(l:bewitchment:introduction/altars)Сила вівтаря$(), за винятком створення $(l:bewitchment:brewing/elemental_oils)Екстрактів$()."
	},
	{
	  "type": "patchouli:text",
	  "title": "Телепортація",
	  "anchor": "teleportation",
	  "text": "Щоб телепортуватися за допомогою Відьомського казана, просто киньте Перлину Енду, станьте на Відьомський казан і скажіть (в чат), куди ви прямуєте. Цим пунктом призначення має бути інший Відьомський казан, який було названо за допомогою тега(Ярлика) назви. $(br2)Вартість телепортації становить  2Mагічної енергії/блок, за умови, що у вас немає $(l:bewitchment:creatures/leonard)Когось$(), щоб допомогти вам."
	}
  ]
}
