{
  "category": "bewitchment:curses",
  "name": "Апатія",
  "icon": "minecraft:soul_lantern",
  "advancement": "bewitchment:hidden_unlocks/demon_heart",
  "pages": [
	{
	  "type": "patchouli:text",
	  "text": "Апатія висушує душу, роблячи її нездатною відновити  $(l:bewitchment:introduction/altars)Mагічну енергію$(). Жителі та $(l:bewitchment:creatures/demon)Демони$() відмовляться від торгівлі, і тварини втечуть від жертви цього потужного $(l:bewitchment:curses/conducting_curses)Прокляття$()."
	},
	{
	  "type": "bewitchment:curse",
	  "recipe": "bewitchment:curses/apathy",
	  "text": "Це $(l:bewitchment:curses/conducting_curses)Сильне Прокляття$(); позбутися його трохи складніше."
	}
  ]
}
