{
  "category": "bewitchment:curses",
  "name": "Армія черв'яків",
  "icon": "minecraft:poisonous_potato",
  "advancement": "minecraft:nether/find_fortress",
  "pages": [
	{
	  "type": "patchouli:text",
	  "text": "Це $(l:bewitchment:curses/conducting_curses)Прокляття$() викликає подразнення, викликаючи черв'яків. Будь-які посіви поруч із проклятою жертвою, будуть знищені."
	},
	{
	  "type": "bewitchment:curse",
	  "recipe": "bewitchment:curses/army_of_worms"
	}
  ]
}
