{
  "category": "bewitchment:curses",
  "name": "Пошкодження",
  "icon": "minecraft:textures/mob_effect/weakness.png",
  "advancement": "minecraft:nether/find_fortress",
  "pages": [
	{
	  "type": "patchouli:text",
	  "text": "Це $(l:bewitchment:curses/conducting_curses)Прокляття$() пошкоджує кровотік цілі. Це призведе до посилення негативних наслідків."
	},
	{
	  "type": "bewitchment:curse",
	  "recipe": "bewitchment:curses/compromised"
	}
  ]
}
