{
  "category": "bewitchment:curses",
  "name": "Громовідвід",
  "icon": "bewitchment:silver_nugget",
  "advancement": "minecraft:nether/find_fortress",
  "pages": [
	{
	  "type": "patchouli:text",
	  "text": "Робить ціль більш сприйнятливою до удару блискавки. Будь-яка блискавка, яка вдарить поблизу від цілі, замість цього перенаправиться безпосередньо на неї."
	},
	{
	  "type": "bewitchment:curse",
	  "recipe": "bewitchment:curses/lightning_rod"
	}
  ]
}
