{
  "category": "bewitchment:creatures",
  "name": "Демони",
  "icon": "bewitchment:demon_spawn_egg",
  "advancement": "bewitchment:hidden_unlocks/demon_horn",
  "extra_recipe_mappings": {
	"bewitchment:demon_heart": 1
  },
  "pages": [
	{
	  "type": "patchouli:text",
	  "text": "Похмурі істоти, що виповзають прямо з пекла, Демони зазвичай $(l:bewitchment:rituals/summon_demon)викликаються$() і атакуватимуть вогнем будь-яку живу істоту навколо них.$(br2)До демонів можна безпечно звертатися із $(l:bewitchment:tools/besmirched_armor)заговореною бронею$(), купуючи в них $(l:bewitchment:contracts/concept_contracts)контракти$().$(br2)Вбивство Демона дасть принаймні одне Серце Демона."
	},
	{
	  "type": "patchouli:entity",
	  "entity": "bewitchment:demon",
	  "offset": 0.2
	}
  ]
}
