{
    "name": "Амулети з зіллям",
    "parent": "apotheosis:potion/potion",
    "description": "У цьому розділі детально описано $(9)амулети з зіллям$() та всі їхні можливості й нюанси.$(p)Якщо інші модулі вимкнено, або деякі моди не встановлено, цей розділ може бути дещо порожнім.",
    "icon": "apotheosis:potion_charm",
    "flag": "apotheosis:potion",
    "sortnum": 1
}