{
    "name": "Life Mending",
    "icon": "minecraft:enchanted_book",
    "category": "apotheosis:enchanting/enchantments",
    "flag": "apotheosis:enchanting",
    "sortnum": 1,
    "pages": [
        {
            "type": "patchouli:text",
            "text": "$(4)Life Mending$() is a corrupted enchantment applicable to all damageable items.$(p)While $(9)Mending$() converts received experience to durability, $(4)Life Mending$() converts received healing to durability.$(p)The durability per health point increases with level."
        },
        {
            "type": "patchouli:text",
            "text": "Additionally, this enchantment can be found in the Enchanting Table."
        }
    ]
}