{
    "name": "Unbreakable Charms",
    "icon": "minecraft:enchanting_table",
    "category": "apotheosis:potion/charms",
    "flag": "&apotheosis:potion,apotheosis:enchanting",
    "sortnum": -1,
    "pages": [
        {
            "type": "patchouli:text",
            "text": "Through $(l:apotheosis:enchanting/table/infusion)Infusion Enchanting$(), charms can be made Unbreakable.$(p)Through this, you can have unlimited duration of any potion effect."
        },
        {
            "type": "patchouli:text",
            "text": "The infusion recipe for Unbreakable charms is rather difficult.$(p)You'll need a firm understanding of $(l:apotheosis:enchanting/table/stats)Enchanting Stats$() to be able to complete it."
        }
    ]
}