{
  "category": "bewitchment:rituals",
  "name": "[Ритуал] Прив'язка",
  "icon": "minecraft:lead",
  "advancement": "bewitchment:hidden_unlocks/demon_heart",
  "pages": [
	{
	  "type": "patchouli:text",
	  "text": "$(l:bewitchment:rituals/rituals)Ритуал$() прив'язування використовує велику демонічну силу, щоб прив'язати душу заклинателя і тварину, яка йому дорога, роблячи цю тварину його фамільяром. Тварина, яка використовується в  $(l:bewitchment:rituals/rituals)ритуалі$() прив'язується з допомогою $(l:bewitchment:tools/taglock)Теґлока$().$(br2)Зверніть увагу, що не всі тварини можуть бути фамільярами; можливі фамільяри зазвичай згадуються в цій книзі."
	},
	{
	  "type": "bewitchment:ritual",
	  "recipe": "bewitchment:rituals/binding",
	  "text": "Прив'язка фамільяра - це важливіший крок, який дає кілька переваг залежно від обраної тварини.$(br2)Записи для всіх можливих фамільярів описані в цій книзі."
	},
	{
	  "type": "patchouli:text",
	  "text": "Фамільяри набагато витриваліші за звичайну тварину, але ви все одно повинні намагатися захистити їх. $(br2) Фамільярів можна помітити за невеликими магічними частинками, що виходять від них."
	},
	{
	  "type": "bewitchment:ritual",
	  "recipe": "bewitchment:rituals/severing",
	  "text": "Розрив $(l:bewitchment:rituals/rituals)Ритуалу$() призведе до розставання з фамільяром."
	}
  ]
}
