{
  "category": "bewitchment:rituals",
  "name": "[Ритуал] Зливи",
  "icon": "minecraft:ghast_tear",
  "advancement": "bewitchment:hidden_unlocks/chalk",
  "pages": [
	{
	  "type": "patchouli:text",
	  "text": "$(l:bewitchment:rituals/rituals)Ритуал$(), який наповняє повітря енергією води, роблячи все навколо вологим і гасячи полум'я.$(br2)Його діапазон досить обмежений, тому ви зазвичай захочете застосувати його в особливих випадках, коли вам потрібно щось намочити."
	},
	{
	  "type": "bewitchment:ritual",
	  "recipe": "bewitchment:rituals/drench"
	}
  ]
}
