{
  "type": "minecraft:entity",
  "pools": [
    {
      "bonus_rolls": 0,
      "entries": [
        {
          "type": "minecraft:item",
          "functions": [
            {
              "add": false,
              "count": {
                "type": "minecraft:uniform",
                "max": 35,
                "min": 5
              },
              "function": "minecraft:set_count"
            },
            {
              "count": {
                "type": "minecraft:uniform",
                "max": 1,
                "min": 0
              },
              "function": "minecraft:looting_enchant"
            }
          ],
          "name": "twilightforest:hydra_chop"
        }
      ],
      "rolls": 1
    },
    {
      "bonus_rolls": 0,
      "entries": [
        {
          "type": "minecraft:item",
          "functions": [
            {
              "add": false,
              "count": {
                "type": "minecraft:uniform",
                "max": 10,
                "min": 7
              },
              "function": "minecraft:set_count"
            },
            {
              "count": {
                "type": "minecraft:uniform",
                "max": 2,
                "min": 0
              },
              "function": "minecraft:looting_enchant"
            }
          ],
          "name": "twilightforest:fiery_blood"
        }
      ],
      "rolls": 1
    },
    {
      "bonus_rolls": 0,
      "entries": [
        {
          "type": "minecraft:item",
          "name": "kubejs:essence_hydra"
        }
      ],
      "rolls": 1,
      "functions": [
        {
          "function": "minecraft:set_count",
          "count": {
            "type": "minecraft:uniform",
            "min": 1,
            "max": 4
          }
        },
        {
          "function": "minecraft:looting_enchant",
          "count": {
            "type": "minecraft:uniform",
            "min": 0,
            "max": 2
          }
        }
      ]
    }
  ],
  "random_sequence": "twilightforest:entities/hydra"
}