{
  "type": "minecraft:entity",
  "pools": [
    {
      "bonus_rolls": 0,
      "entries": [
        {
          "type": "minecraft:item",
          "functions": [
            {
              "count": {
                "type": "minecraft:uniform",
                "max": 1,
                "min": 0
              },
              "function": "minecraft:looting_enchant"
            }
          ],
          "name": "twilightforest:meef_stroganoff"
        }
      ],
      "rolls": {
        "type": "minecraft:uniform",
        "max": 5,
        "min": 2
      }
    },
    {
      "bonus_rolls": 0,
      "entries": [
        {
          "type": "minecraft:item",
          "name": "kubejs:essence_minoshroom"
        }
      ],
      "rolls": 1,
      "functions": [
        {
          "function": "minecraft:set_count",
          "count": {
            "type": "minecraft:uniform",
            "min": 1,
            "max": 4
          }
        },
        {
          "function": "minecraft:looting_enchant",
          "count": {
            "type": "minecraft:uniform",
            "min": 0,
            "max": 2
          }
        }
      ]
    },
    {
      "bonus_rolls": 0,
      "entries": [
        {
          "type": "minecraft:item",
          "name": "twilightforest:diamond_minotaur_axe"
        }
      ],
      "rolls": 1
    }
  ],
  "random_sequence": "twilightforest:entities/minoshroom"
}