{
  "category": "bewitchment:brewing",
  "name": "Корозія",
  "icon": "minecraft:dragon_breath",
  "advancement": "bewitchment:hidden_unlocks/altars",
  "pages": [
	{
	  "type": "patchouli:text",
	  "text": "Аналогічно $(l:bewitchment:brewing/hardening)Укріплення$() зменшить броню на фіксовану величину."
	},
	{
	  "type": "patchouli:spotlight",
	  "title": "Корозія",
	  "item": "minecraft:dragon_breath",
	  "text": "Зменшення броні пропорційне силі зілля."
	}
  ]
}
