{
  "category": "bewitchment:brewing",
  "name": "Гартування",
  "icon": "minecraft:scute",
  "advancement": "bewitchment:hidden_unlocks/altars",
  "pages": [
	{
	  "type": "patchouli:text",
	  "text": "Цей ефект зміцнює шкіру, даючи невеликий бонус до броні."
	},
	{
	  "type": "patchouli:spotlight",
	  "title": "Гартування",
	  "item": "minecraft:scute",
	  "text": "Бонус до броні пропорційний силі ефекту."
	}
  ]
}
