{
  "category": "bewitchment:brewing",
  "name": "Чистота",
  "icon": "bewitchment:birch_bark",
  "advancement": "bewitchment:hidden_unlocks/altars",
  "pages": [
	{
	  "type": "patchouli:text",
	  "text": "Застосовуючи очисні властивості Берези, ефект Чистоти може послабити вплив шкідливих ефектів. $(br2) З кожним посиленням цей ефект зменшить силу негативного ефекту."
	},
	{
	  "type": "patchouli:spotlight",
	  "title": "Чистота",
	  "item": "bewitchment:birch_bark",
	  "text": "Це означає, що ви можете усунути більше негативних ефектів, залежно від сили ефекту."
	}
  ]
}
