{
  "components": [
	{
	  "type": "patchouli:item",
	  "item": "#item1",
	  "x": 20,
	  "y": 18
	},
	{
	  "type": "patchouli:item",
	  "item": "#item2",
	  "x": 40,
	  "y": 18
	},
	{
	  "type": "patchouli:item",
	  "item": "#item3",
	  "x": 60,
	  "y": 18
	},
	{
	  "type": "patchouli:item",
	  "item": "#item4",
	  "x": 80,
	  "y": 18
	},
	{
	  "type": "patchouli:text",
	  "text": "#text",
	  "x": 0,
	  "y": 40
	},
	{
	  "type": "patchouli:header",
	  "text": "#header",
	  "x": -1,
	  "y": 0
	}
  ]
}
