{
  "processor": "moriyashiine.bewitchment.client.integration.patchouli.OilCraftingProcessor",
  "components": [
	{
	  "type": "patchouli:image",
	  "image": "bewitchment:textures/gui/patchouli/crafting.png",
	  "x": 16,
	  "y": 16,
	  "u": 0,
	  "v": 0,
	  "texture_width": 256,
	  "texture_height": 256,
	  "width": 80,
	  "height": 40,
	  "scale": 1
	},
	{
	  "type": "patchouli:item",
	  "item": "#ingredient0",
	  "x": 18,
	  "y": 18
	},
	{
	  "type": "patchouli:item",
	  "item": "#ingredient1",
	  "x": 36,
	  "y": 18
	},
	{
	  "type": "patchouli:item",
	  "item": "#ingredient2",
	  "x": 18,
	  "y": 37
	},
	{
	  "type": "patchouli:item",
	  "item": "#ingredient3",
	  "x": 36,
	  "y": 37
	},
	{
	  "type": "patchouli:item",
	  "item": "#output",
	  "x": 77,
	  "y": 28
	},
	{
	  "type": "patchouli:text",
	  "text": "#text",
	  "x": 0,
	  "y": 58
	},
	{
	  "type": "patchouli:header",
	  "text": "#header",
	  "x": -1,
	  "y": 0
	}
  ]
}
