{
    "name": "Печерні спавнери",
    "description": "У печерах зрідка зустрічаються поодинокі спавнери, увінчані міцною брилою, під якою ховається скриня. Оскільки їхнє походження, призначення та власники невідомі, ми називаємо їх $(9) печерними спавнерами$().",
    "icon": "minecraft:spawner",
    "flag": "apotheosis:adventure",
    "parent": "apotheosis:adventure/adventure"
}