{
	"credit": "Made with Blockbench",
	"parent": "block/block",
	"textures": {
		"particle": "gtceu:block/overlay/machine/overlay_hatch",
		"overlay_hatch": "gtceu:block/overlay/machine/overlay_pipe_out",
		"overlay_fluid_hatch": "gtceu:block/overlay/machine/overlay_fluid_hatch_output"
	},
	"elements": [
		{
			"from": [0, 0, 0],
			"to": [16, 16, 0],
			"faces": {
				"north": {"uv": [0, 0, 16, 16], "texture": "#overlay_hatch", "cullface": "north"}
			}
		},
		{
			"from": [0, 0, 0],
			"to": [16, 16, 0],
			"faces": {
				"north": {"uv": [0, 0, 16, 16], "texture": "#overlay_fluid_hatch", "cullface": "north", "tintindex": -101, "emissivity":  15}
			}
		}
	]
}