{
    "name": "Ancient Knowledge",
    "icon": "minecraft:experience_bottle",
    "category": "apotheosis:potion/effects",
    "flag": "apotheosis:potion",
    "sortnum": 0,
    "pages": [
        {
            "type": "patchouli:text",
            "text": "The Potion of $(9)Ancient Knowledge$() is a beneficial effect.$(p)While under its effects, any experience generated from mobs you kill is multiplied."
        },
        {
            "type": "patchouli:text",
            "text": "At Level I, it quadruples experience drops.$(p)At Level II, it multiplies them by 8."
        }
    ]
}