{
  "category": "bewitchment:sigils",
  "name": "[Сигіл] Слизькості",
  "icon": "bewitchment:slippery_sigil",
  "advancement": "minecraft:nether/find_fortress",
  "sortnum": 1,
  "pages": [
	{
	  "type": "patchouli:text",
	  "text": "$(l:bewitchment:sigils/using_sigils)Пасивний Сигіл$() Слизькість унеможливить для будь-якого потерпілого належним чином використовувати дрібні предмети, такі як $(l:bewitchment:tools/taglock)Теґлок$(), що робить його гарним методом самозахисту"
	},
	{
	  "type": "patchouli:crafting",
	  "recipe": "bewitchment:slippery_sigil"
	}
  ]
}
