{
  "category": "bewitchment:sigils",
  "name": "Використання Сигілів",
  "icon": "bewitchment:mending_sigil",
  "advancement": "minecraft:nether/find_fortress",
  "priority": true,
  "pages": [
	{
	  "type": "patchouli:text",
	  "text": "Сигіли - це магічні символи влади. Їх можна розділити на дві групи: активні та пасивні сигіли.$(br2) Активні сигіли необхідно розміщувати на придатних для використання блоках або мітлах, виготовлених із $(l:bewitchment:introduction/dragons_blood_trees)Крові дракона$().$(br2) Пасивні символи можуть бути розміщені де завгодно і застосовуватимуть свій ефект до всього навколо."
	},
	{
	  "type": "patchouli:text",
	  "text": "$(l:bewitchment:tools/taglock)Теґлок$() може бути додано до сигілів, щоб контролювати, на кого він впливатиме. Якщо сигіл налаштовано за допомогою $(l:bewitchment:tools/taglock)Теґлоку$(), як білий список, символ впливатиме тільки на тих, хто в ньому перебуває. Якщо він встановлений як чорний список, сигіл не вплине ні на кого, крім тих, хто позначений $(l:bewitchment:tools/taglock)Теґлоком$().$(br2)Використовуйте $(l:bewitchment:tools/athame)Атам$(), для перемикання між чорним списком і білим списком.$(br2)Слід зазначити, що всі сигіли мають обмежений термін дії."
	}
  ]
}
