{
  "category": "bewitchment:introduction",
  "name": "Дерева драконячої крові",
  "icon": "bewitchment:dragons_blood_sapling",
  "advancement": "minecraft:nether/find_fortress",
  "pages": [
	{
	  "type": "patchouli:text",
	  "text": "Саджанці Крові Дракона можна знайти у Фортецях Нижнього світу$(br2)Розрізаючи кору за допомогою $(l:bewitchment:tools/athame)атама$() змусить дерево кровоточити, утворюючи Смолу Драконячої Крові.$(br2)Блоки, виготовлені з цього дерева, випромінюють ауру сили і можуть бути використані в $(l:bewitchment:sigils/using_sigils)Сигілах$()."
	},
	{
	  "type": "patchouli:image",
	  "images": [
		"bewitchment:textures/gui/patchouli/dragons_blood_tree.png"
	  ],
	  "border": true
	},
	{
	  "type": "patchouli:crafting",
	  "recipe": "bewitchment:dragons_blood_wood",
	  "recipe2": "bewitchment:dragons_blood_planks"
	},
	{
	  "type": "patchouli:crafting",
	  "recipe": "bewitchment:dragons_blood_stairs",
	  "recipe2": "bewitchment:dragons_blood_slab"
	},
	{
	  "type": "patchouli:crafting",
	  "recipe": "bewitchment:dragons_blood_fence",
	  "recipe2": "bewitchment:dragons_blood_fence_gate"
	},
	{
	  "type": "patchouli:crafting",
	  "recipe": "bewitchment:dragons_blood_pressure_plate",
	  "recipe2": "bewitchment:dragons_blood_button"
	},
	{
	  "type": "patchouli:crafting",
	  "recipe": "bewitchment:dragons_blood_trapdoor",
	  "recipe2": "bewitchment:dragons_blood_door"
	},
	{
	  "type": "patchouli:crafting",
	  "recipe": "bewitchment:dragons_blood_chest",
	  "recipe2": "bewitchment:trapped_dragons_blood_chest"
	},
	{
	  "type": "patchouli:crafting",
	  "recipe": "bewitchment:dragons_blood_sign",
	  "recipe2": "bewitchment:dragons_blood_boat"
	}
  ]
}
