{
  "category": "bewitchment:introduction",
  "name": "Сіль",
  "icon": "bewitchment:salt",
  "pages": [
	{
	  "type": "patchouli:text",
	  "text": "Використовувана з давніх часів, сіль може бути поміщена у вигляді пилу, щоб блокувати нечисть. $(br2)Крім захисних властивостей, сіль також слугує поширеним чаклунським матеріалом.$(br2)Соляну руду можна знайти близько до поверхні, що полегшує її видобуток."
	},
	{
	  "type": "patchouli:image",
	  "images": [
		"bewitchment:textures/gui/patchouli/salt_ore.png"
	  ],
	  "border": true
	},
	{
	  "type": "patchouli:crafting",
	  "recipe": "bewitchment:salt_block"
	}
  ]
}
